epoch,loss
0,0.21671485900878906
1,0.20902884006500244
2,0.19702768325805664
3,0.18183620274066925
4,0.16561710834503174
5,0.16302470862865448
6,0.1750694364309311
7,0.16667035222053528
8,0.1601162850856781
9,0.16055460274219513
10,0.1632118970155716
11,0.1645333468914032
12,0.16389629244804382
13,0.16198399662971497
14,0.15979960560798645
15,0.15841367840766907
16,0.15847742557525635
17,0.15957100689411163
18,0.1600714772939682
19,0.15932245552539825
20,0.1582740992307663
21,0.15787576138973236
22,0.15817610919475555
23,0.15857110917568207
24,0.15861240029335022
25,0.1583222597837448
26,0.15794892609119415
27,0.15771080553531647
28,0.1577216535806656
29,0.1578996181488037
30,0.15800395607948303
31,0.1579214185476303
32,0.15774725377559662
33,0.15762218832969666
34,0.15759839117527008
35,0.15763860940933228
36,0.15767422318458557
37,0.15765011310577393
38,0.15757207572460175
39,0.157496839761734
40,0.15748055279254913
41,0.1575217843055725
42,0.15753310918807983
43,0.1574767827987671
44,0.1574065089225769
45,0.15737879276275635
46,0.1573832482099533
47,0.15737998485565186
48,0.15734648704528809
49,0.15729466080665588
50,0.15726064145565033
51,0.15725234150886536
52,0.15724214911460876
53,0.15720508992671967
54,0.15715578198432922
55,0.1571231186389923
56,0.15710413455963135
57,0.15707412362098694
58,0.15702517330646515
59,0.15698131918907166
60,0.15695911645889282
61,0.15692023932933807
62,0.15686914324760437
63,0.1568322628736496
64,0.1567922979593277
65,0.15673361718654633
66,0.15668630599975586
67,0.15663249790668488
68,0.1565658301115036
69,0.15651583671569824
70,0.1564464271068573
71,0.15638865530490875
72,0.15631817281246185
73,0.1562650501728058
74,0.15619994699954987
75,0.1561499685049057
76,0.1561250239610672
77,0.15612740814685822
78,0.1561514288187027
79,0.15613754093647003
80,0.15609051287174225
81,0.15608884394168854
82,0.15611004829406738
83,0.15608127415180206
84,0.15606367588043213
85,0.1560819000005722
86,0.1560598909854889
87,0.15605437755584717
88,0.15606451034545898
89,0.1560438722372055
90,0.15604707598686218
91,0.1560455858707428
92,0.1560310423374176
93,0.15603706240653992
94,0.15602807700634003
95,0.15602238476276398
96,0.15602605044841766
97,0.1560158133506775
98,0.15601439774036407
99,0.1560148447751999
100,0.1560058742761612
101,0.15600508451461792
102,0.1560046672821045
103,0.15599729120731354
104,0.15599560737609863
105,0.15599626302719116
106,0.15599076449871063
107,0.15598788857460022
108,0.15598882734775543
109,0.15598541498184204
110,0.15598133206367493
111,0.15598127245903015
112,0.15597964823246002
113,0.1559760421514511
114,0.15597516298294067
115,0.15597470104694366
116,0.1559719741344452
117,0.1559702306985855
118,0.15596987307071686
119,0.15596815943717957
120,0.1559659093618393
121,0.15596498548984528
122,0.1559641808271408
123,0.1559622883796692
124,0.15596063435077667
125,0.15595990419387817
126,0.1559591144323349
127,0.15595762431621552
128,0.15595608949661255
129,0.15595504641532898
130,0.15595436096191406
131,0.15595345199108124
132,0.15595224499702454
133,0.15595091879367828
134,0.15594978630542755
135,0.15594886243343353
136,0.15594816207885742
137,0.1559475213289261
138,0.1559467911720276
139,0.1559460163116455
140,0.15594540536403656
141,0.1559450328350067
142,0.15594518184661865
143,0.15594622492790222
144,0.155949205160141
145,0.15595625340938568
146,0.1559673398733139
147,0.1559837907552719
148,0.15598389506340027
149,0.15596896409988403
150,0.1559419333934784
151,0.15593931078910828
152,0.15595650672912598
153,0.15595878660678864
154,0.1559430956840515
155,0.15593361854553223
156,0.1559426486492157
157,0.15595045685768127
158,0.15594136714935303
159,0.15593206882476807
160,0.15593253076076508
161,0.15593835711479187
162,0.15593843162059784
163,0.155931755900383
164,0.15592844784259796
165,0.15593145787715912
166,0.15593409538269043
167,0.15593256056308746
168,0.15592780709266663
169,0.1559257209300995
170,0.15592743456363678
171,0.15592946112155914
172,0.15592963993549347
173,0.1559268832206726
174,0.15592384338378906
175,0.15592269599437714
176,0.155923530459404
177,0.15592485666275024
178,0.15592539310455322
179,0.15592536330223083
180,0.1559244841337204
181,0.15592344105243683
182,0.15592218935489655
183,0.15592126548290253
184,0.15592040121555328
185,0.1559201329946518
186,0.15591995418071747
187,0.15592004358768463
188,0.15592066943645477
189,0.15592330694198608
190,0.15592814981937408
191,0.15593944489955902
192,0.15595804154872894
193,0.15599030256271362
194,0.15599098801612854
195,0.1559746265411377
196,0.15592528879642487
197,0.15591947734355927
198,0.15595093369483948
199,0.1559506058692932
200,0.1559249758720398
201,0.15591344237327576
202,0.15593093633651733
203,0.15594224631786346
204,0.1559237241744995
205,0.15591169893741608
206,0.15592116117477417
207,0.15592879056930542
208,0.1559220850467682
209,0.1559109091758728
210,0.1559142768383026
211,0.1559220403432846
212,0.15591756999492645
213,0.15590979158878326
214,0.15591058135032654
215,0.1559157520532608
216,0.15591634809970856
217,0.1559104025363922
218,0.15590742230415344
219,0.15591003000736237
220,0.15591217577457428
221,0.15591135621070862
222,0.15590767562389374
223,0.1559058427810669
224,0.1559067964553833
225,0.15590821206569672
226,0.15590807795524597
227,0.1559060961008072
228,0.1559043824672699
229,0.15590409934520721
230,0.1559048742055893
231,0.155906081199646
232,0.1559065729379654
233,0.15590597689151764
234,0.15590456128120422
235,0.1559031456708908
236,0.15590210258960724
237,0.1559017300605774
238,0.1559019386768341
239,0.15590353310108185
240,0.15590925514698029
241,0.15592847764492035
242,0.15596231818199158
243,0.15606433153152466
244,0.15606237947940826
245,0.15602080523967743
246,0.15591321885585785
247,0.15598686039447784
248,0.15601448714733124
249,0.15591126680374146
250,0.15597893297672272
251,0.1559893786907196
252,0.15590287744998932
253,0.15597590804100037
254,0.15600252151489258
255,0.15590299665927887
256,0.15598361194133759
257,0.15600481629371643
0,0.03914283215999603
1,0.065488301217556
2,0.04322822391986847
3,0.025697017088532448
4,0.014543699100613594
5,0.02258068509399891
6,0.023190179839730263
7,0.014599425718188286
8,0.013177112676203251
9,0.017062745988368988
10,0.01666039414703846
11,0.012588522396981716
12,0.010417717508971691
13,0.011778335087001324
14,0.012745576910674572
15,0.010765121318399906
16,0.008572004735469818
17,0.008614674210548401
18,0.009335161186754704
19,0.008252144791185856
20,0.006645658984780312
21,0.006229319144040346
22,0.006642972584813833
23,0.00606183148920536
24,0.004969750065356493
25,0.004909714218229055
26,0.005273283459246159
27,0.004705777391791344
28,0.004145089536905289
29,0.0044257063418626785
30,0.004420123528689146
31,0.003916861489415169
32,0.0038372762501239777
33,0.003930673468858004
34,0.0036459171678870916
35,0.003392584156244993
36,0.003421377157792449
37,0.003352566622197628
38,0.003130099968984723
39,0.0030747384298592806
40,0.0030842029955238104
41,0.002918954472988844
42,0.0027749782893806696
43,0.002775331726297736
44,0.0026757565792649984
45,0.002510917605832219
46,0.002497355453670025
47,0.002447050530463457
48,0.0023082750849425793
49,0.002293065655976534
50,0.0022513987496495247
51,0.002142509212717414
52,0.0021385650616139174
53,0.0020645882468670607
54,0.0019898107275366783
55,0.001972513971850276
56,0.0018914623651653528
57,0.0018765550339594483
58,0.0018181095365434885
59,0.001790736336261034
60,0.0017420732183381915
61,0.0017092943890020251
62,0.0016757274279370904
63,0.0016324140597134829
64,0.0016074285376816988
65,0.0015673654852434993
66,0.0015348015585914254
67,0.001501003047451377
68,0.0014572240179404616
69,0.001440522144548595
70,0.0013970703585073352
71,0.0013765726471319795
72,0.001346713863313198
73,0.0013102125376462936
74,0.0012863188749179244
75,0.0012540934840217233
76,0.0012178262695670128
77,0.0011971755884587765
78,0.0011817564954981208
79,0.0011674381094053388
80,0.0011633926769718528
81,0.0011631851084530354
82,0.0011277361772954464
83,0.0010596706997603178
84,0.0010521792573854327
85,0.001064033480361104
86,0.001018925104290247
87,0.0009708202560432255
88,0.0009767265291884542
89,0.001021747593767941
90,0.001067563658580184
91,0.001007005455903709
92,0.0009025207255035639
93,0.0009296567877754569
94,0.0009488087962381542
95,0.0008719368488527834
96,0.0008620319422334433
97,0.0008962638676166534
98,0.0008524966542609036
99,0.0008028292213566601
100,0.0008161525474861264
101,0.0008325247908942401
102,0.0008048821473494172
103,0.0007633338100276887
104,0.0007434959406964481
105,0.0007499048369936645
106,0.0007675471133552492
107,0.0007787692593410611
108,0.0007752884994260967
109,0.0007350739906542003
110,0.0006890775985084474
111,0.0006799096008762717
112,0.0006990386755205691
113,0.000705981336068362
114,0.0006855085957795382
115,0.0006514697452075779
116,0.0006312683690339327
117,0.0006314171478152275
118,0.0006435281247831881
119,0.0006632462609559298
120,0.0006862875306978822
121,0.0007102438830770552
122,0.0007050509448163211
123,0.0006520353490486741
124,0.000588715192861855
125,0.0005772999720647931
126,0.0006109959213063121
127,0.0006326830480247736
128,0.0006153833819553256
129,0.0005721353809349239
130,0.0005430502933450043
131,0.0005466929287649691
132,0.0005693054990842938
133,0.0005900858668610454
134,0.0005944978911429644
135,0.0005804962129332125
136,0.0005486893933266401
137,0.0005185339250601828
138,0.0005036237416788936
139,0.0005061706178821623
140,0.0005194775876589119
141,0.0005360296927392483
142,0.0005560782738029957
143,0.0005734949372708797
144,0.0005836497293785214
145,0.0005733268335461617
146,0.0005388529389165342
147,0.0004950998700223863
148,0.0004675053642131388
149,0.0004681852296926081
150,0.0004891126300208271
151,0.0005204639164730906
152,0.0005495228106155992
153,0.0005626628990285099
154,0.0005436636274680495
155,0.0004970050067640841
156,0.00045277198660187423
157,0.00044052436714991927
158,0.00045957553084008396
159,0.0004870605771429837
160,0.0005069618346169591
161,0.0005096491659060121
162,0.0004927187692373991
163,0.0004592651966959238
164,0.0004281184810679406
165,0.0004180448013357818
166,0.00042935190140269697
167,0.0004501123330555856
168,0.0004676489916164428
169,0.0004772266838699579
170,0.00047308154171332717
171,0.00045609462540596724
172,0.0004299246065784246
173,0.0004073535092175007
174,0.00039528514025732875
175,0.00039579597068950534
176,0.0004064141830895096
177,0.00042611811659298837
178,0.0004565575218293816
179,0.000493091472890228
180,0.0005429282900877297
181,0.0005812903982587159
182,0.0005734892911277711
183,0.0004867750103585422
184,0.0003929683589376509
185,0.0003932552062906325
186,0.0004588058509398252
187,0.00048273324500769377
188,0.00043516818550415337
189,0.0003766409936361015
190,0.0003722026594914496
191,0.0004110515001229942
192,0.0004387849476188421
193,0.0004293679667171091
194,0.0003972289268858731
195,0.0003723108093254268
196,0.0003728778974618763
197,0.0003825172025244683
198,0.00039113007369451225
199,0.0003974288410972804
200,0.0003982110065408051
201,0.0003871353401336819
202,0.00036280552740208805
203,0.0003425692266318947
204,0.00033919219276867807
205,0.0003479176957625896
206,0.0003584848891478032
207,0.00036901887506246567
208,0.0003898959548678249
209,0.0004229271726217121
210,0.00046476611169055104
211,0.0004983573453500867
212,0.0005033391644246876
213,0.0004510636208578944
214,0.0003719337109941989
215,0.0003363924624864012
216,0.00036972208181396127
217,0.0004133069596718997
218,0.00041230302304029465
219,0.0003705263661686331
220,0.0003280063974671066
221,0.0003165062516927719
222,0.00033489742781966925
223,0.00036607147194445133
224,0.00039385989657603204
225,0.00041576920193620026
226,0.0004313815734349191
227,0.0004328967188484967
228,0.0004075793258380145
229,0.0003619194030761719
230,0.00032872785232029855
231,0.0003273645997978747
232,0.00034538150066509843
233,0.00035868529812432826
234,0.00035819102777168155
235,0.00034866578062064946
236,0.00033504978637211025
237,0.0003242136153858155
238,0.00031285121804103255
239,0.00030200136825442314
240,0.00029515675851143897
241,0.00029861906659789383
242,0.00031265971483662724
243,0.0003345324075780809
244,0.0003653111052699387
245,0.0004087204288225621
246,0.00046913098776713014
247,0.0005148054915480316
248,0.0005047812010161579
249,0.0004018618492409587
250,0.00030163346673361957
251,0.00030852059717290103
252,0.00038236906402744353
253,0.0004103143874090165
254,0.0003600200288929045
255,0.0002998027775902301
256,0.00029976971563883126
257,0.00036674164584837854
258,0.0004540935915429145
259,0.0005152992671355605
260,0.0004430059634614736
0,0.00029861906659789383
1,0.1742505431175232
2,0.004999101627618074
3,0.03111250512301922
4,0.05600414797663689
5,0.050897855311632156
6,0.03610759973526001
7,0.021518049761652946
8,0.011502083390951157
9,0.007554027251899242
10,0.010523910634219646
11,0.01613743044435978
12,0.017603058367967606
13,0.014166542328894138
14,0.009636671282351017
15,0.007237711921334267
16,0.007482517976313829
17,0.008630314841866493
18,0.008887692354619503
19,0.008194939233362675
20,0.006584420800209045
0,0.21636956930160522
1,0.20498637855052948
2,0.19130617380142212
3,0.17471137642860413
4,0.16136638820171356
5,0.17190036177635193
6,0.17073945701122284
7,0.1621241569519043
8,0.15957631170749664
9,0.16160434484481812
10,0.16350190341472626
11,0.163528174161911
12,0.16219156980514526
13,0.16035008430480957
14,0.1588238775730133
15,0.15818580985069275
16,0.158565491437912
17,0.15931636095046997
18,0.1594771444797516
19,0.1588846743106842
20,0.15815584361553192
21,0.15784122049808502
22,0.15797726809978485
23,0.15824049711227417
24,0.15834364295005798
25,0.1582217663526535
26,0.15798063576221466
27,0.1577489972114563
28,0.15763400495052338
29,0.15767140686511993
30,0.15779326856136322
31,0.15787003934383392
32,0.15782827138900757
33,0.1577022522687912
34,0.15758271515369415
35,0.1575349122285843
36,0.1575591266155243
37,0.15760792791843414
38,0.15762846171855927
39,0.15759886801242828
40,0.1575353443622589
41,0.15747512876987457
42,0.1574486941099167
43,0.15745778381824493
44,0.15747575461864471
45,0.15747131407260895
46,0.1574358493089676
47,0.15738815069198608
48,0.15735378861427307
49,0.1573430746793747
50,0.15734551846981049
51,0.15734250843524933
52,0.15732288360595703
53,0.1572905033826828
54,0.1572594791650772
55,0.15724077820777893
56,0.15723225474357605
57,0.15722167491912842
58,0.15719935297966003
59,0.1571682095527649
60,0.157139390707016
61,0.15711970627307892
62,0.1571035087108612
63,0.15707990527153015
64,0.15704557299613953
65,0.15701019763946533
66,0.15698249638080597
67,0.1569577008485794
68,0.1569230556488037
69,0.15687984228134155
70,0.15684111416339874
71,0.15680451691150665
72,0.15675489604473114
73,0.15669918060302734
74,0.15665718913078308
75,0.15659968554973602
76,0.15653513371944427
77,0.15648072957992554
78,0.15640966594219208
79,0.1563594788312912
80,0.15629509091377258
81,0.15624742209911346
82,0.1561860293149948
83,0.15615500509738922
84,0.1561177372932434
85,0.1560829132795334
86,0.15607908368110657
87,0.1560860127210617
88,0.1560773104429245
89,0.15605811774730682
90,0.15605206787586212
91,0.1560598611831665
92,0.15606597065925598
93,0.15605862438678741
94,0.15604262053966522
95,0.156036376953125
96,0.15604080259799957
97,0.15603889524936676
98,0.15602463483810425
99,0.15601827204227448
100,0.1560201346874237
101,0.15601317584514618
102,0.15600475668907166
103,0.15600506961345673
104,0.1560034453868866
105,0.15599747002124786
106,0.1559963971376419
107,0.15599603950977325
108,0.15599119663238525
109,0.15598860383033752
110,0.1559881865978241
111,0.15598447620868683
112,0.15598073601722717
113,0.1559799313545227
114,0.15597805380821228
115,0.15597441792488098
116,0.15597224235534668
117,0.1559714376926422
118,0.1559695601463318
119,0.15596693754196167
120,0.15596507489681244
121,0.15596424043178558
122,0.15596331655979156
123,0.15596146881580353
124,0.15595942735671997
125,0.1559579223394394
126,0.1559569239616394
127,0.1559557467699051
128,0.15595434606075287
129,0.15595276653766632
130,0.15595123171806335
131,0.15594996511936188
132,0.15594886243343353
133,0.15594780445098877
134,0.15594682097434998
135,0.1559457927942276
136,0.15594471991062164
137,0.1559435874223709
138,0.15594251453876495
139,0.15594154596328735
140,0.15594057738780975
141,0.1559397280216217
142,0.15593889355659485
143,0.1559380143880844
144,0.15593720972537994
145,0.15593641996383667
146,0.15593570470809937
147,0.15593519806861877
148,0.1559351086616516
149,0.15593604743480682
150,0.15593908727169037
151,0.15594786405563354
152,0.15596355497837067
153,0.15598902106285095
154,0.15598274767398834
155,0.15595173835754395
156,0.15592879056930542
157,0.15594887733459473
158,0.1559659093618393
159,0.1559392511844635
160,0.1559276282787323
161,0.15594634413719177
162,0.1559443473815918
163,0.1559266746044159
164,0.15593017637729645
165,0.15593938529491425
166,0.1559303253889084
167,0.15592345595359802
168,0.1559315323829651
169,0.15593145787715912
170,0.1559223234653473
171,0.15592443943023682
172,0.1559293270111084
173,0.15592357516288757
174,0.15592007339000702
175,0.15592411160469055
176,0.15592406690120697
177,0.15591943264007568
178,0.15591897070407867
179,0.15592160820960999
180,0.15592071413993835
181,0.15591731667518616
182,0.1559172123670578
183,0.15591906011104584
184,0.15591825544834137
185,0.15591582655906677
186,0.1559150516986847
187,0.15591607987880707
188,0.15591628849506378
189,0.15591466426849365
190,0.15591320395469666
191,0.15591327846050262
192,0.15591388940811157
193,0.15591372549533844
194,0.15591254830360413
195,0.15591146051883698
196,0.15591111779212952
197,0.15591134130954742
198,0.15591150522232056
199,0.15591108798980713
200,0.1559102088212967
201,0.15590932965278625
202,0.15590885281562805
203,0.1559087336063385
204,0.1559087485074997
205,0.15590867400169373
206,0.15590837597846985
207,0.15590794384479523
208,0.15590745210647583
209,0.15590697526931763
210,0.15590645372867584
211,0.1559058576822281
212,0.15590542554855347
213,0.15590596199035645
214,0.15590833127498627
215,0.15591663122177124
216,0.15593373775482178
217,0.15596483647823334
218,0.15597133338451385
219,0.15595312416553497
220,0.15591029822826385
221,0.15591447055339813
222,0.15594395995140076
223,0.1559308022260666
224,0.15590591728687286
225,0.15591008961200714
226,0.1559264212846756
227,0.15592198073863983
228,0.15590330958366394
229,0.15590910613536835
230,0.15592148900032043
231,0.1559106707572937
232,0.15590128302574158
233,0.15590883791446686
234,0.1559125930070877
235,0.1559048295021057
236,0.15590038895606995
237,0.15590627491474152
238,0.1559096872806549
239,0.15590298175811768
240,0.1558995246887207
241,0.15590357780456543
242,0.1559051275253296
243,0.1559012085199356
244,0.15589836239814758
245,0.15590059757232666
246,0.1559029370546341
247,0.15590108931064606
248,0.15589849650859833
249,0.15589681267738342
250,0.1558970957994461
251,0.1558985412120819
252,0.15589912235736847
253,0.15589819848537445
254,0.15589639544487
255,0.15589536726474762
256,0.15589585900306702
257,0.15589678287506104
258,0.15589791536331177
259,0.15589964389801025
260,0.1559012085199356
261,0.1558993011713028
262,0.1558961272239685
263,0.15589407086372375
264,0.15589439868927002
265,0.15589633584022522
266,0.15589959919452667
267,0.15590493381023407
268,0.15591105818748474
269,0.15592093765735626
270,0.15591859817504883
271,0.15590818226337433
272,0.15589509904384613
273,0.1558947116136551
274,0.15590383112430573
275,0.1559084951877594
276,0.15590603649616241
277,0.1558966338634491
278,0.15589214861392975
279,0.15589578449726105
280,0.1559007316827774
281,0.15590155124664307
282,0.15589651465415955
283,0.1558919996023178
284,0.15589119493961334
285,0.15589386224746704
286,0.15589727461338043
287,0.1558980643749237
288,0.155896857380867
289,0.15589360892772675
290,0.15589074790477753
291,0.15588976442813873
292,0.15589089691638947
293,0.15589283406734467
294,0.1558942198753357
295,0.15589535236358643
296,0.15589489042758942
297,0.15589335560798645
298,0.15589092671871185
299,0.15588915348052979
300,0.15588822960853577
301,0.1558881253004074
302,0.15588875114917755
303,0.15588973462581635
304,0.15589118003845215
305,0.15589338541030884
306,0.15589691698551178
307,0.15590041875839233
308,0.15590590238571167
309,0.15590956807136536
310,0.1559140682220459
311,0.15591181814670563
312,0.15590907633304596
313,0.15589886903762817
314,0.15589000284671783
315,0.15588650107383728
316,0.15588919818401337
317,0.15589505434036255
318,0.1558992862701416
319,0.15590281784534454
320,0.1558997631072998
321,0.1558946818113327
322,0.15588884055614471
323,0.15588562190532684
324,0.155885711312294
325,0.15588843822479248
326,0.1558920294046402
327,0.15589404106140137
328,0.15589559078216553
329,0.1558942198753357
330,0.15589265525341034
331,0.15588924288749695
332,0.15588614344596863
333,0.15588422119617462
334,0.15588393807411194
335,0.15588496625423431
336,0.1558869183063507
337,0.15588967502117157
338,0.1558927446603775
339,0.15589767694473267
340,0.15590140223503113
341,0.15590661764144897
342,0.1559058427810669
343,0.1559038609266281
344,0.15589465200901031
345,0.155886709690094
346,0.15588286519050598
347,0.15588484704494476
348,0.15589040517807007
349,0.15589475631713867
350,0.15589848160743713
351,0.15589556097984314
352,0.15589101612567902
353,0.15588542819023132
354,0.15588237345218658
355,0.15588237345218658
356,0.1558845490217209
357,0.1558876782655716
358,0.15589012205600739
359,0.15589281916618347
360,0.15589311718940735
361,0.15589377284049988
362,0.15589205920696259
363,0.1558905839920044
364,0.15588735044002533
365,0.15588432550430298
366,0.15588173270225525
367,0.1558806300163269
368,0.15588106215000153
369,0.155882328748703
370,0.15588444471359253
371,0.15588684380054474
372,0.15589074790477753
373,0.1558939814567566
374,0.15589961409568787
375,0.1559017151594162
376,0.1559048444032669
377,0.15590053796768188
378,0.15589584410190582
379,0.1558872014284134
380,0.15588144958019257
381,0.15587978065013885
382,0.155881866812706
383,0.15588629245758057
384,0.15589019656181335
385,0.15589377284049988
386,0.15589259564876556
387,0.15589024126529694
388,0.15588487684726715
389,0.15588106215000153
390,0.15587908029556274
391,0.15587934851646423
392,0.15588107705116272
393,0.15588347613811493
394,0.155887171626091
395,0.1558900624513626
396,0.15589413046836853
397,0.1558946818113327
398,0.15589547157287598
399,0.155891552567482
400,0.15588709712028503
401,0.15588164329528809
402,0.15587861835956573
403,0.1558782011270523
404,0.15587997436523438
405,0.155883327126503
406,0.1558869481086731
407,0.15589286386966705
408,0.15589629113674164
409,0.1558995246887207
410,0.1558958888053894
411,0.15589158236980438
412,0.15588411688804626
413,0.15587900578975677
414,0.15587742626667023
415,0.155879408121109
416,0.1558840572834015
417,0.1558886468410492
418,0.15589432418346405
419,0.15589508414268494
420,0.15589457750320435
421,0.15588811039924622
422,0.15588179230690002
423,0.1558774709701538
424,0.15587729215621948
425,0.15588033199310303
426,0.15588460862636566
427,0.15589085221290588
428,0.1558944284915924
429,0.1558990329504013
430,0.15589667856693268
431,0.1558934599161148
432,0.15588510036468506
433,0.15587860345840454
434,0.15587641298770905
435,0.15587879717350006
436,0.1558835655450821
437,0.1558874398469925
438,0.15589183568954468
439,0.1558913141489029
440,0.15588988363742828
441,0.155884250998497
442,0.1558791846036911
443,0.15587617456912994
444,0.15587660670280457
445,0.155879408121109
446,0.15588238835334778
447,0.15588510036468506
448,0.15588542819023132
449,0.1558859795331955
450,0.15588387846946716
451,0.1558818221092224
452,0.15587858855724335
453,0.15587614476680756
454,0.15587519109249115
455,0.15587571263313293
456,0.1558772772550583
457,0.15587906539440155
458,0.15588125586509705
459,0.15588264167308807
460,0.1558847576379776
461,0.1558854877948761
462,0.1558871865272522
463,0.15588624775409698
464,0.1558847725391388
465,0.15588118135929108
466,0.15587802231311798
467,0.15587547421455383
468,0.1558743566274643
469,0.15587446093559265
470,0.15587539970874786
471,0.1558772623538971
472,0.15588007867336273
473,0.15588562190532684
474,0.15589185059070587
475,0.15590313076972961
476,0.15590955317020416
477,0.15591800212860107
478,0.155908465385437
479,0.15589618682861328
480,0.15587987005710602
481,0.1558746099472046
482,0.15588116645812988
483,0.15589109063148499
484,0.15589939057826996
485,0.15589496493339539
486,0.15588735044002533
487,0.15587754547595978
488,0.15587396919727325
489,0.15587712824344635
490,0.1558823585510254
491,0.15588581562042236
492,0.1558835208415985
493,0.15587952733039856
494,0.155875101685524
495,0.15587341785430908
496,0.15587447583675385
497,0.15587688982486725
498,0.15587952733039856
499,0.15588021278381348
500,0.15588000416755676
501,0.15587769448757172
502,0.15587539970874786
503,0.15587353706359863
504,0.15587282180786133
505,0.15587325394153595
506,0.15587438642978668
507,0.15587584674358368
508,0.15587708353996277
509,0.15587840974330902
510,0.15587887167930603
511,0.15587975084781647
512,0.15587934851646423
513,0.15587890148162842
514,0.15587744116783142
515,0.15587618947029114
516,0.15587472915649414
517,0.15587368607521057
518,0.1558728963136673
519,0.1558724343776703
520,0.15587210655212402
521,0.1558719426393509
522,0.15587180852890015
523,0.15587174892425537
524,0.15587171912193298
525,0.1558716893196106
526,0.1558716744184494
527,0.1558717042207718
528,0.15587186813354492
529,0.15587234497070312
530,0.15587376058101654
531,0.1558767557144165
532,0.15588423609733582
533,0.15589745342731476
534,0.15593019127845764
535,0.15596559643745422
536,0.15603135526180267
537,0.15598705410957336
538,0.15591593086719513
539,0.15588003396987915
540,0.15593145787715912
541,0.155955970287323
542,0.15589240193367004
543,0.15588125586509705
544,0.15592437982559204
545,0.15591742098331451
546,0.15588437020778656
547,0.1558760106563568
548,0.15590007603168488
549,0.15591134130954742
550,0.1558835655450821
551,0.15587489306926727
552,0.15589162707328796
553,0.1558901071548462
554,0.15587571263313293
555,0.1558765023946762
556,0.1558856964111328
557,0.15588155388832092
558,0.15587306022644043
559,0.1558784544467926
560,0.15588362514972687
561,0.15587621927261353
562,0.1558726280927658
563,0.1558775156736374
564,0.1558784693479538
565,0.15587393939495087
566,0.15587249398231506
567,0.1558757722377777
568,0.1558765470981598
569,0.1558731198310852
570,0.1558719277381897
571,0.15587393939495087
572,0.15587452054023743
573,0.15587259829044342
574,0.15587137639522552
575,0.15587235987186432
576,0.15587373077869415
577,0.15587331354618073
578,0.1558719277381897
579,0.15587082505226135
580,0.15587112307548523
581,0.15587210655212402
582,0.15587231516838074
583,0.1558719277381897
584,0.15587091445922852
585,0.15587040781974792
586,0.15587061643600464
587,0.15587101876735687
588,0.15587128698825836
589,0.15587106347084045
590,0.15587063133716583
591,0.15587013959884644
592,0.15586990118026733
593,0.15586991608142853
0,0.2168784737586975
1,0.2168325036764145
2,0.21683251857757568
3,0.21683251857757568
4,0.2168325036764145
5,0.2168325036764145
6,0.2168325036764145
7,0.2168325036764145
8,0.2168324887752533
9,0.2168325036764145
10,0.2168325036764145
11,0.2168325036764145
12,0.2168324887752533
13,0.2168325036764145
14,0.2168325036764145
15,0.21683251857757568
16,0.2168325036764145
17,0.21683251857757568
18,0.21683251857757568
19,0.21683251857757568
20,0.21683251857757568
21,0.2168325036764145
22,0.2168325036764145
23,0.2168325036764145
24,0.21683251857757568
25,0.21683251857757568
26,0.2168324887752533
27,0.2168325036764145
28,0.21683251857757568
29,0.2168324887752533
30,0.2168325036764145
31,0.2168325036764145
32,0.2168325036764145
33,0.2168325036764145
34,0.2168325036764145
35,0.21683251857757568
36,0.2168325036764145
37,0.2168325036764145
38,0.21683251857757568
39,0.21683251857757568
40,0.2168325036764145
41,0.21683251857757568
42,0.2168325036764145
43,0.2168325036764145
44,0.2168324887752533
45,0.2168324887752533
46,0.21683251857757568
47,0.21683251857757568
48,0.2168325036764145
49,0.2168325036764145
50,0.2168325036764145
51,0.2168325036764145
52,0.2168325036764145
53,0.2168325036764145
54,0.2168325036764145
55,0.2168324887752533
56,0.2168325036764145
57,0.2168325036764145
58,0.2168325036764145
59,0.21683251857757568
60,0.21683251857757568
61,0.2168324887752533
62,0.2168325036764145
63,0.2168325036764145
64,0.21683251857757568
65,0.2168325036764145
66,0.2168324887752533
67,0.2168325036764145
68,0.2168325036764145
69,0.2168325036764145
70,0.21683251857757568
71,0.2168325036764145
72,0.21683251857757568
73,0.2168324887752533
74,0.2168324887752533
75,0.2168325036764145
76,0.2168325036764145
77,0.2168325036764145
78,0.2168325036764145
79,0.2168325036764145
80,0.2168325036764145
81,0.2168325036764145
82,0.2168325036764145
83,0.2168324887752533
84,0.2168325036764145
85,0.21683253347873688
86,0.21683251857757568
87,0.21683251857757568
88,0.21683251857757568
89,0.2168324887752533
90,0.2168325036764145
91,0.2168324887752533
92,0.2168325036764145
93,0.2168325036764145
94,0.21683251857757568
95,0.2168324887752533
96,0.2168325036764145
97,0.2168324887752533
98,0.2168325036764145
99,0.21683251857757568
100,0.2168325036764145
101,0.2168324887752533
102,0.2168325036764145
103,0.2168325036764145
104,0.21683251857757568
105,0.2168325036764145
106,0.21683251857757568
107,0.21683251857757568
108,0.2168325036764145
109,0.2168325036764145
110,0.2168324887752533
111,0.2168324887752533
112,0.2168325036764145
113,0.2168325036764145
114,0.2168325036764145
115,0.2168325036764145
116,0.2168325036764145
117,0.2168325036764145
118,0.2168325036764145
119,0.21683251857757568
120,0.2168325036764145
121,0.21683251857757568
122,0.2168325036764145
123,0.2168325036764145
124,0.21683251857757568
125,0.21683251857757568
126,0.2168325036764145
127,0.21683253347873688
128,0.2168325036764145
129,0.21683251857757568
130,0.2168324887752533
131,0.2168325036764145
132,0.2168324887752533
133,0.21683251857757568
134,0.2168325036764145
135,0.2168325036764145
136,0.21683251857757568
137,0.2168325036764145
138,0.21683251857757568
139,0.2168324887752533
140,0.2168325036764145
141,0.2168325036764145
142,0.2168325036764145
143,0.2168325036764145
144,0.2168324887752533
145,0.2168325036764145
146,0.2168325036764145
147,0.2168325036764145
148,0.2168325036764145
149,0.2168324887752533
150,0.21683251857757568
151,0.2168325036764145
152,0.2168325036764145
153,0.2168324887752533
154,0.2168325036764145
155,0.2168325036764145
156,0.2168325036764145
157,0.21683251857757568
158,0.2168325036764145
159,0.2168325036764145
160,0.2168325036764145
161,0.2168325036764145
162,0.2168325036764145
163,0.2168325036764145
164,0.21683251857757568
165,0.2168325036764145
166,0.2168325036764145
167,0.2168325036764145
168,0.2168325036764145
169,0.2168325036764145
170,0.2168325036764145
171,0.2168325036764145
172,0.2168324887752533
173,0.21683251857757568
174,0.2168324887752533
175,0.2168325036764145
176,0.2168325036764145
177,0.21683251857757568
178,0.2168324887752533
179,0.2168325036764145
180,0.2168325036764145
181,0.2168324887752533
182,0.2168325036764145
183,0.2168325036764145
184,0.2168324887752533
185,0.2168325036764145
186,0.2168325036764145
187,0.2168324887752533
188,0.2168325036764145
189,0.2168325036764145
190,0.2168325036764145
191,0.2168325036764145
192,0.2168325036764145
193,0.2168324887752533
194,0.2168325036764145
195,0.2168324887752533
196,0.21683251857757568
197,0.2168325036764145
198,0.2168325036764145
199,0.2168325036764145
200,0.21683251857757568
201,0.2168325036764145
202,0.2168325036764145
203,0.2168325036764145
204,0.21683253347873688
205,0.2168325036764145
206,0.21683251857757568
207,0.2168325036764145
208,0.2168325036764145
0,0.1719461977481842
1,0.1259922832250595
2,0.0944485291838646
3,0.13974250853061676
4,0.08581958711147308
5,0.08822599053382874
6,0.09678823500871658
7,0.09492763876914978
8,0.08160115778446198
9,0.05816756933927536
10,0.03265392407774925
11,0.05763440951704979
12,0.035439591854810715
13,0.03448871523141861
14,0.03361497074365616
15,0.02993215061724186
16,0.030554385855793953
17,0.033969465643167496
18,0.03530370816588402
19,0.032685160636901855
20,0.02722271718084812
21,0.021153029054403305
22,0.0172888096421957
23,0.017138060182332993
24,0.018989980220794678
25,0.01933235116302967
26,0.01687084697186947
27,0.014240600168704987
28,0.013068263418972492
29,0.012151096016168594
30,0.010839689522981644
31,0.009785427711904049
32,0.009649880230426788
33,0.009239330887794495
34,0.007732750382274389
35,0.006532642059028149
36,0.0066148946061730385
37,0.006639100611209869
38,0.006305272690951824
39,0.00636838236823678
40,0.0065917810425162315
41,0.006285656709223986
42,0.005793003831058741
43,0.005785274785012007
44,0.005953815765678883
45,0.005725462920963764
46,0.005345706362277269
47,0.005207600072026253
48,0.00525423139333725
49,0.005162967834621668
50,0.0049241227097809315
51,0.004759599920362234
52,0.004700403660535812
53,0.0046123904176056385
54,0.004489092621952295
55,0.004426188766956329
56,0.004362415987998247
57,0.004217940382659435
58,0.0041006989777088165
59,0.004052252508699894
60,0.003951805178076029
61,0.0038248912896960974
62,0.0037750659976154566
63,0.0037199826911091805
64,0.0036000919062644243
65,0.0035184843000024557
66,0.0034614556934684515
67,0.0033479484263807535
68,0.0032401150092482567
69,0.0031676115468144417
70,0.003052406245842576
71,0.0029500965029001236
72,0.0028814279939979315
73,0.002770606428384781
74,0.0026870036963373423
75,0.002598193008452654
76,0.0024965412449091673
77,0.0024035873357206583
78,0.0023071307223290205
79,0.0022068913094699383
80,0.0021308856084942818
81,0.0020327409729361534
82,0.001963872229680419
83,0.0018917378038167953
84,0.001828600070439279
85,0.001773183117620647
86,0.001716200029477477
87,0.0016993304016068578
88,0.0017145222518593073
89,0.0018304790137335658
90,0.001788416993804276
91,0.0015246509574353695
92,0.001596587710082531
93,0.001516731921583414
94,0.0013853227719664574
95,0.00143724016379565
96,0.0012797212693840265
97,0.0013529503485187888
98,0.0014520412078127265
99,0.0021759583614766598
100,0.0017117338720709085
101,0.0013684018049389124
102,0.0017341356724500656
103,0.001205016509629786
104,0.0016164683038368821
105,0.001182922744192183
106,0.0015011857030913234
107,0.0011382244993001223
108,0.0013960095820948482
109,0.001121738227084279
110,0.0012969204690307379
111,0.0010786926141008735
112,0.0012171416310593486
113,0.0010568118887022138
114,0.0011505928123369813
115,0.0010111135197803378
116,0.0010974264005199075
117,0.000983642297796905
118,0.0010523989330977201
119,0.0009471047669649124
120,0.001021853880956769
121,0.0009184530936181545
122,0.0009879113640636206
123,0.0008923033019527793
124,0.0009480483131483197
125,0.0008767845574766397
126,0.0009008520282804966
127,0.0008695918950252235
128,0.0008571008802391589
129,0.0008593337261117995
130,0.0008178928983397782
131,0.0008432457107119262
132,0.0007956518675200641
133,0.0008105292799882591
134,0.0007870439440011978
135,0.0007739390712231398
136,0.0007780980668030679
137,0.00074574543396011
138,0.0007550937589257956
139,0.0007356967544183135
140,0.0007207177695818245
141,0.0007261013379320502
142,0.0007020515040494502
143,0.000696746283210814
144,0.0006970054819248617
145,0.0006761736003682017
146,0.000669710396323353
147,0.0006695439806208014
148,0.000654741597827524
149,0.0006443096208386123
150,0.0006436965777538717
151,0.0006367284804582596
152,0.0006234683096408844
153,0.0006159436888992786
154,0.0006142173078842461
155,0.0006091539398767054
156,0.0005988167249597609
157,0.0005893133347854018
158,0.0005836396012455225
159,0.0005800054059363902
160,0.0005764575325883925
161,0.0005713608697988093
162,0.0005648851511068642
163,0.0005575893446803093
164,0.0005505438894033432
165,0.0005439537926577032
166,0.0005377467023208737
167,0.0005321450298652053
168,0.0005269642570056021
169,0.0005222618347033858
170,0.0005195251433178782
171,0.0005219164886511862
172,0.0005388148128986359
173,0.0005957115208730102
174,0.0007326898048631847
175,0.0009174609440378845
176,0.0009023472084663808
177,0.0005893786437809467
178,0.0005472361226566136
179,0.0007422299240715802
180,0.0006069586961530149
181,0.0005026565631851554
182,0.0006362074636854231
183,0.0005748188123106956
184,0.000487446814076975
185,0.000566190923564136
186,0.0005417325883172452
187,0.00046754523646086454
188,0.0005164156318642199
189,0.0005201630992814898
190,0.0004646449233405292
191,0.0004842109919991344
192,0.0005064081051386893
193,0.00046343193389475346
194,0.0004446391249075532
195,0.00047120449016802013
196,0.0004680114216171205
197,0.0004362384497653693
198,0.00043798203114420176
199,0.0004593868798110634
200,0.0004534721083473414
201,0.0004343870677985251
202,0.00043337969691492617
203,0.00044526721467263997
204,0.0004437306779436767
205,0.0004230298800393939
206,0.0004047683032695204
207,0.00040332949720323086
208,0.0004136122006457299
209,0.00042072468204423785
210,0.0004157832299824804
211,0.0004028298717457801
212,0.0003903345495928079
213,0.0003846125619020313
214,0.0003856160619761795
215,0.00039005695725791156
216,0.000395785755245015
217,0.000399918295443058
218,0.00040459175943396986
219,0.0004077465564478189
220,0.00040901522152125835
221,0.0004062562366016209
222,0.00039253931026905775
223,0.0003745939175132662
224,0.0003604110097512603
225,0.0003573377907741815
226,0.0003622686199378222
227,0.0003666208649519831
228,0.00036601381725631654
229,0.00035910337464883924
230,0.0003523818450048566
231,0.00035162296262569726
232,0.0003643031814135611
233,0.0004089362919330597
234,0.0005186413764022291
235,0.0007770592928864062
236,0.0010320678120478988
237,0.0009920726297423244
238,0.00048099461128003895
239,0.0004926821566186845
240,0.0007519847713410854
241,0.0004593216872308403
242,0.00043461660970933735
243,0.0006406590691767633
244,0.0004288249765522778
245,0.0004315568075980991
246,0.0005529412301257253
247,0.0003781593404710293
248,0.00040113655268214643
249,0.0005028253654018044
250,0.00037532049464061856
251,0.00038948183646425605
0,0.0003643031814135611
1,0.10223245620727539
2,0.0034781184513121843
3,0.09661412984132767
4,0.018060117959976196
5,0.004003695212304592
6,0.019190678372979164
7,0.030723726376891136
8,0.0337338000535965
9,0.03132251650094986
10,0.024798478931188583
11,0.014387869276106358
12,0.0055386885069310665
13,0.003441635984927416
14,0.008920954540371895
15,0.014880795031785965
16,0.01403043232858181
17,0.008550917729735374
18,0.0043357182294130325
19,0.0032235002145171165
20,0.004099968355149031
0,0.10223246365785599
1,0.01448044739663601
2,0.03309927508234978
3,0.004673399962484837
4,0.009822060354053974
5,0.017321014776825905
6,0.01683342643082142
7,0.01139805093407631
8,0.005990771111100912
9,0.003662912407889962
10,0.006844121962785721
11,0.009708546102046967
12,0.006918684113770723
13,0.003468157025054097
14,0.003095210064202547
15,0.004567266441881657
16,0.005723286420106888
17,0.005664324853569269
18,0.004376913420855999
19,0.0026093232445418835
20,0.0019642156548798084
21,0.003030369756743312
22,0.004044853616505861
23,0.0034697928931564093
24,0.0021165816579014063
25,0.001540987635962665
26,0.00208100164309144
27,0.0027679346967488527
28,0.002645336790010333
29,0.001875565038062632
30,0.0013439878821372986
31,0.0015116605209186673
32,0.0019317306578159332
33,0.0019036515150219202
34,0.0014508358435705304
35,0.0011717244051396847
36,0.0012739466037601233
37,0.0014438327634707093
38,0.0014189353678375483
39,0.001235374016687274
40,0.001069053541868925
41,0.0010652028722688556
42,0.0011679428862407804
43,0.001177539466880262
44,0.0010336185805499554
45,0.0009111395920626819
46,0.0009550837567076087
47,0.001045437529683113
48,0.0009993903804570436
49,0.0008689833339303732
50,0.0008394259493798018
51,0.0009098104783333838
52,0.0009115213761106133
53,0.0008271219558082521
54,0.0007859147735871375
55,0.0008130397764034569
56,0.0008209897205233574
57,0.0007847570814192295
58,0.0007502585067413747
59,0.0007472502766177058
60,0.00075816287426278
61,0.0007447113748639822
62,0.0007106070406734943
63,0.0007046537939459085
64,0.0007105612894520164
65,0.0006936567951925099
66,0.0006721709505654871
67,0.0006686056149192154
68,0.0006713032489642501
69,0.0006558930035680532
70,0.0006402591825462878
71,0.0006405441672541201
72,0.000637601304333657
73,0.0006192397559061646
74,0.0006150578265078366
75,0.0006130430265329778
76,0.0005991089274175465
77,0.0005922459531575441
78,0.0005905564175918698
79,0.0005777726764790714
80,0.0005698027671314776
81,0.0005669952370226383
82,0.0005555987008847296
83,0.0005485095898620784
84,0.0005441944231279194
85,0.0005325276870280504
86,0.0005280337645672262
87,0.0005205001798458397
88,0.0005131733487360179
89,0.0005076474626548588
90,0.0004999158554710448
91,0.0004952243762090802
92,0.00048727443208917975
93,0.00048393532051704824
94,0.0004762720491271466
95,0.00047292333329096437
96,0.0004668239562306553
97,0.000463248259620741
98,0.00045801798114553094
99,0.0004537003405857831
100,0.0004503255768213421
101,0.00044550717575475574
102,0.00044298707507550716
103,0.000439158029621467
104,0.0004359451122581959
105,0.00043412932427600026
106,0.00043044862104579806
107,0.0004273602971807122
108,0.0004249084449838847
109,0.00042309146374464035
110,0.00042164206388406456
111,0.000420217402279377
112,0.00041815603617578745
113,0.00041471575968898833
114,0.00041128500015474856
115,0.00040914927376434207
116,0.0004079557256773114
117,0.00040673790499567986
118,0.00040458448347635567
119,0.00040177968912757933
120,0.0003991609555669129
121,0.00039733556332066655
122,0.0003961227193940431
123,0.00039468894829042256
124,0.0003927386715076864
125,0.0003903623146470636
126,0.00038806788506917655
127,0.0003860718570649624
128,0.00038440542994067073
129,0.00038289837539196014
130,0.00038190995110198855
131,0.0003810635826084763
132,0.00038049009162932634
133,0.00037955158040858805
134,0.00037733124918304384
0,0.21683283150196075
1,0.2168324887752533
2,0.2168325036764145
3,0.2168325036764145
4,0.2168325036764145
5,0.2168325036764145
6,0.2168325036764145
7,0.2168324887752533
8,0.2168325036764145
9,0.2168325036764145
10,0.2168325036764145
11,0.2168325036764145
12,0.2168325036764145
13,0.21683251857757568
14,0.2168325036764145
15,0.21683251857757568
16,0.21683251857757568
17,0.2168325036764145
18,0.2168325036764145
19,0.21683251857757568
20,0.21683251857757568
21,0.2168325036764145
22,0.2168324887752533
23,0.21683251857757568
24,0.21683251857757568
25,0.2168325036764145
26,0.2168325036764145
27,0.2168325036764145
28,0.2168325036764145
29,0.2168325036764145
30,0.21683251857757568
31,0.2168325036764145
32,0.2168325036764145
33,0.2168325036764145
34,0.2168325036764145
35,0.2168325036764145
36,0.2168325036764145
37,0.21683251857757568
38,0.2168325036764145
39,0.2168325036764145
40,0.2168325036764145
41,0.2168325036764145
42,0.2168325036764145
43,0.2168325036764145
44,0.2168325036764145
45,0.2168325036764145
46,0.2168325036764145
47,0.2168325036764145
48,0.2168325036764145
49,0.2168325036764145
50,0.2168325036764145
51,0.2168325036764145
52,0.2168325036764145
53,0.21683251857757568
54,0.2168325036764145
55,0.2168324887752533
56,0.2168325036764145
57,0.2168325036764145
58,0.2168325036764145
59,0.2168325036764145
60,0.2168324887752533
61,0.21683251857757568
62,0.2168325036764145
63,0.2168325036764145
64,0.2168325036764145
65,0.21683251857757568
66,0.2168325036764145
67,0.2168325036764145
68,0.2168325036764145
69,0.2168325036764145
70,0.2168325036764145
71,0.2168325036764145
72,0.2168325036764145
73,0.2168325036764145
74,0.2168325036764145
75,0.2168324887752533
76,0.2168325036764145
77,0.2168325036764145
78,0.21683251857757568
79,0.2168325036764145
80,0.2168324887752533
81,0.2168325036764145
82,0.2168325036764145
83,0.2168325036764145
84,0.21683251857757568
85,0.21683251857757568
86,0.2168325036764145
87,0.2168324887752533
88,0.2168325036764145
89,0.2168325036764145
90,0.2168325036764145
91,0.2168325036764145
92,0.2168325036764145
93,0.2168325036764145
94,0.2168325036764145
95,0.2168325036764145
96,0.2168325036764145
97,0.21683251857757568
98,0.21683251857757568
99,0.2168324887752533
0,0.20951098203659058
1,0.19469277560710907
2,0.1698620766401291
3,0.12795156240463257
4,0.07288858294487
5,0.09128591418266296
6,0.03691457584500313
7,0.06089469790458679
8,0.03921239450573921
9,0.03858990594744682
10,0.044394660741090775
11,0.04611607640981674
12,0.04303675517439842
13,0.03755476698279381
14,0.03364226222038269
15,0.0345311164855957
16,0.03421495854854584
17,0.027150461450219154
18,0.02002720534801483
19,0.019041165709495544
20,0.023076897487044334
21,0.02541208453476429
22,0.022792968899011612
23,0.018201332539319992
24,0.016211967915296555
25,0.016740459948778152
26,0.01711496151983738
27,0.01610565558075905
28,0.01377220917493105
29,0.012216571718454361
30,0.012236924842000008
31,0.012535260058939457
32,0.011758483946323395
33,0.010173745453357697
34,0.009137134999036789
35,0.009033463895320892
36,0.008337478153407574
37,0.007316323928534985
38,0.007015150971710682
39,0.006987821310758591
40,0.006428154651075602
41,0.0059709432534873486
42,0.0062612565234303474
43,0.006282652262598276
44,0.00598161481320858
45,0.006058633793145418
46,0.0059149134904146194
47,0.00547602865844965
48,0.005312396213412285
49,0.005240594502538443
50,0.004965465050190687
51,0.004810295067727566
52,0.004788760095834732
53,0.004635376390069723
54,0.004494127817451954
55,0.004481729120016098
56,0.004373474046587944
57,0.004174733068794012
58,0.00407409155741334
59,0.003964980132877827
60,0.0038157999515533447
61,0.0037480781320482492
62,0.003657034831121564
63,0.0035295989364385605
64,0.0034932035487145185
65,0.0033706247340887785
66,0.0032266017515212297
67,0.0031507546082139015
68,0.0030130993109196424
69,0.002921974752098322
70,0.002823979128152132
71,0.002730495994910598
72,0.0026354151777923107
73,0.0025335578247904778
74,0.0024298576172441244
75,0.002327872673049569
76,0.0022131020668894053
77,0.0021278206259012222
78,0.002019550185650587
79,0.0019481811905279756
80,0.001852845074608922
81,0.0017762117786332965
82,0.001725660404190421
83,0.0016806828789412975
84,0.001665022922679782
85,0.0016938643530011177
86,0.0016476905439049006
87,0.0015739279333502054
88,0.0018168245442211628
89,0.0020886394195258617
90,0.001541649573482573
91,0.0015115381684154272
92,0.0016948964912444353
93,0.0012936339480802417
94,0.0015822129789739847
95,0.0012714712647721171
96,0.0014326865784823895
97,0.0012855117674916983
98,0.0012913055252283812
99,0.001278273994103074
100,0.0011785321403294802
101,0.0012605903903022408
102,0.0010993138421326876
103,0.0012122439220547676
104,0.001074509578756988
105,0.0011120783165097237
106,0.0010962282540276647
107,0.001009782194159925
108,0.0010748152853921056
109,0.0009965916397050023
110,0.0009754910715855658
111,0.0010047595715150237
112,0.0009418500121682882
113,0.0009082222823053598
114,0.0009413708467036486
115,0.000926139997318387
116,0.0008626712369732559
117,0.0008395417826250196
118,0.0008622975437901914
119,0.0009099949966184795
120,0.0009056823328137398
121,0.0008235014975070953
122,0.0007726525072939694
123,0.0007933517917990685
124,0.0008394636679440737
125,0.0008644244517199695
126,0.0008271245169453323
127,0.0007544262916781008
128,0.0007131804013624787
129,0.0007291218498721719
130,0.0007667173049412668
131,0.0007760656881146133
132,0.0007501202635467052
133,0.0007053354638628662
134,0.0006679710932075977
135,0.0006494089029729366
136,0.0006498903385363519
137,0.0006656628684140742
138,0.0006989966495893896
139,0.0007642176933586597
140,0.0008583629969507456
141,0.0009448487544432282
142,0.0008486757287755609
143,0.0006491509266197681
144,0.000638863886706531
145,0.0007538913050666451
146,0.0006888313218951225
147,0.000594973680563271
148,0.0006656128098256886
149,0.0006840909481979907
150,0.000593746080994606
151,0.0005851146997883916
152,0.0006451461813412607
153,0.00063280516769737
154,0.000568240589927882
155,0.0005562768201343715
156,0.000594508193898946
157,0.0006106528453528881
158,0.0005760386702604592
159,0.0005358638591133058
160,0.0005290528060868382
161,0.0005485782749019563
162,0.0005669377860613167
163,0.0005621709860861301
164,0.0005390429287217557
165,0.0005128112388774753
166,0.0004977276548743248
167,0.0004967664717696607
168,0.0005066198064014316
169,0.0005254123825579882
170,0.0005542340222746134
171,0.0006056578131392598
172,0.0006762834964320064
173,0.0007664040895178914
174,0.0007627729792147875
175,0.0006238841451704502
176,0.000477920810226351
177,0.0005177997518330812
178,0.0006042714812792838
179,0.0005426478455774486
180,0.00046197284245863557
181,0.0005110637284815311
182,0.0005584791069850326
183,0.0005015640635974705
184,0.0004477420879993588
185,0.00047661250573582947
186,0.0005161866429261863
187,0.000494212144985795
188,0.00044259754940867424
189,0.0004258692206349224
190,0.0004508750862441957
191,0.0004742818418890238
192,0.0004649918701034039
193,0.00043517135782167315
194,0.00041138584492728114
195,0.00040967942913994193
196,0.00042511362698860466
197,0.0004444294609129429
198,0.0004617708036676049
199,0.00047982786782085896
200,0.0005056531517766416
201,0.0005340719944797456
202,0.0005052356864325702
203,0.0004270069766789675
204,0.00038592112832702696
205,0.0004248345212545246
206,0.00044354586862027645
207,0.00039412142359651625
208,0.00038732323446311057
209,0.00043306269799359143
210,0.000457868620287627
211,0.0005603701574727893
212,0.000897150719538331
213,0.0015195253072306514
214,0.001585185993462801
215,0.0006779151153750718
216,0.0005995033425278962
217,0.0010244215372949839
218,0.00045921761193312705
219,0.0008143248269334435
220,0.0006580735207535326
221,0.0005674861604347825
222,0.0007285154424607754
223,0.00046688070870004594
224,0.0006922406610101461
0,0.00042483455035835505
1,0.04489303007721901
2,0.041017286479473114
3,0.03192611038684845
4,0.009190847165882587
5,0.008587866090238094
6,0.014668495394289494
7,0.010268745012581348
8,0.00921050924807787
9,0.011591833084821701
10,0.011899697594344616
11,0.008661694824695587
12,0.004223171155899763
13,0.0026536674704402685
14,0.005524320527911186
15,0.0077209146693348885
16,0.005195186007767916
17,0.002173537155613303
18,0.00239543872885406
19,0.0042684441432356834
20,0.004959394223988056
0,0.04489303380250931
1,0.09597857296466827
2,0.041186943650245667
3,0.006284337490797043
4,0.008775797672569752
5,0.023844968527555466
6,0.017892982810735703
7,0.009900369681417942
8,0.009096909314393997
9,0.010881315916776657
10,0.01175307109951973
11,0.011544577777385712
12,0.009616338647902012
13,0.0058771539479494095
14,0.0037950719706714153
15,0.005404146853834391
16,0.007129898760467768
17,0.005787986796349287
18,0.0036076034884899855
19,0.0033119716681540012
20,0.004147431813180447
21,0.004210480023175478
22,0.0034451016690582037
23,0.0027212772984057665
24,0.002713071880862117
25,0.0031850547529757023
26,0.00318640423938632
27,0.002591978758573532
28,0.0022265093866735697
29,0.0024311942979693413
30,0.0027241003699600697
31,0.0026122082490473986
32,0.00218558800406754
33,0.0018939098808914423
34,0.00198204698972404
35,0.0021942469757050276
36,0.002125848550349474
37,0.001823728671297431
38,0.0016653178026899695
39,0.0017678728327155113
40,0.0018858363619074225
41,0.0018049159552901983
42,0.0016051004640758038
43,0.0015178583562374115
44,0.001602992182597518
45,0.0016488111577928066
46,0.0015375585062429309
47,0.001417977618984878
48,0.0014212384121492505
49,0.0014689452946186066
50,0.0014388230629265308
51,0.0013517577899619937
52,0.0013052943395450711
53,0.0013152408646419644
54,0.0013130663428455591
55,0.0012716322671622038
56,0.001232457929290831
57,0.0012203020742163062
58,0.0012150077382102609
59,0.0011968553299084306
60,0.00117210962343961
61,0.0011484093265607953
62,0.0011364417150616646
63,0.001134426798671484
64,0.0011180724250152707
65,0.0010903117945417762
66,0.0010840147733688354
67,0.0010883684735745192
68,0.001067825243808329
69,0.0010471397545188665
70,0.0010509321000427008
71,0.0010464783990755677
72,0.0010265703313052654
73,0.0010192901827394962
74,0.001016925903968513
75,0.0010064286179840565
76,0.0009960742900148034
77,0.0009868214838206768
78,0.0009792306227609515
79,0.0009720371454022825
80,0.0009604621445760131
81,0.0009519897866994143
82,0.0009462432935833931
83,0.000934627081733197
84,0.0009242595406249166
85,0.0009178926120512187
86,0.000906106608454138
87,0.0008946376037783921
88,0.0008852633764036
89,0.0008730400586500764
90,0.0008632515673525631
91,0.0008535771630704403
92,0.000841813744045794
93,0.0008322097710333765
94,0.0008207918726839125
95,0.0008092093630693853
96,0.0007972655002959073
97,0.0007853498100303113
98,0.0007716945838183165
99,0.0007576998905278742
100,0.0007449138793163002
101,0.0007342842873185873
102,0.0007218067185021937
103,0.0007083085947670043
104,0.0006910476367920637
105,0.0006790441693738103
106,0.0006672760937362909
107,0.0006657353951595724
108,0.0006787487072870135
109,0.000666204490698874
110,0.0006246521370485425
111,0.0006222910014912486
112,0.0006325649446807802
113,0.0006069409428164363
114,0.0005879602394998074
115,0.0005996454274281859
116,0.0005876860814169049
117,0.0005628683138638735
118,0.0005686391377821565
119,0.000568609859328717
120,0.0005460483371280134
121,0.0005382379167713225
122,0.0005454026977531612
123,0.000534219725523144
124,0.0005170516087673604
125,0.0005122898146510124
126,0.0005185817135497928
127,0.0005224686465226114
128,0.000534269493073225
129,0.0005130777135491371
130,0.0004865011724177748
131,0.0005009797750972211
132,0.000509054574649781
133,0.0004833569983020425
134,0.00047247260226868093
135,0.00048752580187283456
136,0.00048101390711963177
137,0.0004617437953129411
138,0.00045990044600330293
139,0.00046893616672605276
140,0.00046302899136208
141,0.0004465064557734877
142,0.00044346952927298844
143,0.00044987970613874495
144,0.00044634350342676044
145,0.0004343939363025129
146,0.0004290315555408597
147,0.00043211900629103184
148,0.0004339420120231807
149,0.0004269861674401909
150,0.00041795099969021976
151,0.0004132257017772645
152,0.0004138322838116437
153,0.00041496503399685025
154,0.0004129169974476099
155,0.00040771838393993676
156,0.0004014236619696021
157,0.00039716134779155254
158,0.0003945411299355328
159,0.0003938910085707903
160,0.0003933102707378566
161,0.0003931736864615232
162,0.0003927910001948476
163,0.00039281294448301196
164,0.00039344816468656063
165,0.00039404677227139473
166,0.0003948607190977782
167,0.00039503455627709627
168,0.00039579978329129517
169,0.00039261425263248384
170,0.00038687317282892764
171,0.0003786203742492944
172,0.0003708049189299345
173,0.0003639037604443729
174,0.00036008062306791544
175,0.0003580734774004668
176,0.0003585092490538955
177,0.00035973082412965596
178,0.0003636609180830419
179,0.0003705825947690755
180,0.00038140174001455307
181,0.00039787296555005014
182,0.00041239894926548004
183,0.0004166044236626476
184,0.0003930753155145794
185,0.00035731063690036535
186,0.00034085079096257687
187,0.0003513925475999713
188,0.0003707877767737955
189,0.0003739854437299073
190,0.0003586996463127434
191,0.0003384514129720628
192,0.0003321174590382725
193,0.0003410023055039346
194,0.0003508931549731642
195,0.0003509875969029963
196,0.00034019973827525973
197,0.0003276746429037303
198,0.0003235596523154527
199,0.00032764975912868977
200,0.0003341118572279811
201,0.0003373127547092736
202,0.00033510074717924
203,0.0003277345676906407
204,0.0003196221077814698
205,0.000314401084324345
206,0.0003132706042379141
207,0.0003154246078338474
208,0.0003195934114046395
209,0.00032477203058078885
210,0.0003297858056612313
211,0.0003346854937262833
212,0.0003371190105099231
213,0.00033693353179842234
214,0.00033300594077445567
215,0.00032727050711400807
216,0.00031833929824642837
217,0.00030926111503504217
218,0.0003019747091457248
219,0.00029829374398104846
220,0.00029744647326879203
221,0.0002970529021695256
222,0.00029659943538717926
223,0.00030061742290854454
224,0.00031134096207097173
225,0.0003275751369073987
226,0.00035455951001495123
227,0.00039259399636648595
228,0.00043567721149884164
229,0.00044021982466802
230,0.0003862397570628673
231,0.0003089275269303471
232,0.0002866211871150881
233,0.0003280599194113165
234,0.00036191323306411505
235,0.0003364123112987727
236,0.00028886625659652054
237,0.0002871350443456322
238,0.00031939244945533574
239,0.0003255813498981297
240,0.0002958450641017407
241,0.00027646016678772867
242,0.0002885555732063949
243,0.0003042962052859366
244,0.000295663601718843
245,0.0002762054209597409
246,0.0002709078253246844
247,0.00028101232601329684
248,0.00028917769668623805
249,0.00028360963915474713
250,0.00027153457631357014
251,0.0002654300187714398
252,0.00027063157176598907
253,0.00028125246171839535
254,0.00028748298063874245
255,0.0002817111380863935
256,0.0002681880141608417
257,0.00026234108372591436
258,0.0002641253813635558
259,0.0002625119232106954
260,0.000257932988461107
261,0.0002600276784505695
262,0.0002678241580724716
263,0.00027435075026005507
264,0.0002887769660446793
265,0.0003252317546866834
266,0.0003949488454964012
267,0.0004516986373346299
268,0.0004415847943164408
269,0.0003501343308016658
270,0.00026405256357975304
271,0.0002737406175583601
272,0.00033599778544157743
273,0.00034185670665465295
274,0.00028535144519992173
275,0.00025345711037516594
276,0.00028443228802643716
277,0.00030639732722193
278,0.0002772679436020553
279,0.00024882686557248235
280,0.000261966313701123
281,0.00028219522209838033
282,0.00027309622964821756
283,0.0002493490756023675
284,0.00024529025540687144
285,0.00025889155222103
286,0.0002693173591978848
287,0.00026282318867743015
288,0.0002507193712517619
289,0.00023788222461007535
290,0.0002331496070837602
291,0.0002373111346969381
292,0.00024529764777980745
293,0.0002502631105016917
294,0.00024770802701823413
295,0.0002411259338259697
296,0.00023350518313236535
297,0.00022791278024669737
298,0.00022526524844579399
299,0.0002256033185403794
300,0.00022807712957728654
301,0.00023608712945133448
302,0.0002593985409475863
303,0.0003209354472346604
304,0.00046421910519711673
305,0.0006225663819350302
306,0.000627963338047266
307,0.0004068732960149646
308,0.00023700408928561956
309,0.000347881083143875
310,0.00044263401650823653
311,0.00030080429860390723
312,0.0002450161555316299
313,0.0003505790373310447
314,0.00031913749990053475
315,0.00023212707310449332
316,0.00028216978535056114
317,0.0003091901890002191
318,0.0002437080693198368
0,0.00022560333309229463
1,0.10567928105592728
2,0.004460499621927738
0,0.10567928850650787
1,0.025395343080163002
2,0.06708896905183792
3,0.054909829050302505
